hostname,os,environment,country,node
SSITA001,Solaris,Staging,Italy,1
HTITA001,HP-UX,Testing,Italy,1
LPESP001,Linux,Production,Spain,1
APITA001,AIX,Production,Italy,1
SPIRL001,Solaris,Production,Ireland,1
STITA001,Solaris,Testing,Italy,1
LPITA001,Linux,Production,Italy,1
AIFRA001,AIX,Integration,France,1
LSDEU001,Linux,Staging,Germany,1
SSITA002,Solaris,Staging,Italy,2
ATIRL001,AIX,Testing,Ireland,1
HPIRL001,HP-UX,Production,Ireland,1
SSDEU001,Solaris,Staging,Germany,1
ASIRL001,AIX,Staging,Ireland,1
STIRL001,Solaris,Testing,Ireland,1
STIRL002,Solaris,Testing,Ireland,2
LTDEU001,Linux,Testing,Germany,1
ASITA001,AIX,Staging,Italy,1
LPNOR001,Linux,Production,Norway,1
LPDEU001,Linux,Production,Germany,1
ASESP001,AIX,Staging,Spain,1
LDDEU001,Linux,Development,Germany,1
LSITA001,Linux,Staging,Italy,1
HDITA001,HP-UX,Development,Italy,1
LSESP001,Linux,Staging,Spain,1
LIDEU001,Linux,Integration,Germany,1
AIIRL001,AIX,Integration,Ireland,1
APIRL001,AIX,Production,Ireland,1
ASITA002,AIX,Staging,Italy,2
LTITA001,Linux,Testing,Italy,1
ATIRL002,AIX,Testing,Ireland,2
AIDEU001,AIX,Integration,Germany,1
LSITA002,Linux,Staging,Italy,2
STFRA001,Solaris,Testing,France,1
LSIRL001,Linux,Staging,Ireland,1
APIRL002,AIX,Production,Ireland,2
LTDEU002,Linux,Testing,Germany,2
SPIRL002,Solaris,Production,Ireland,2
STITA002,Solaris,Testing,Italy,2
HSITA001,HP-UX,Staging,Italy,1
ASFRA001,AIX,Staging,France,1
LDDEU002,Linux,Development,Germany,2
HPDEU001,HP-UX,Production,Germany,1
LPIRL001,Linux,Production,Ireland,1
LSDEU002,Linux,Staging,Germany,2
LTESP001,Linux,Testing,Spain,1
ATDEU001,AIX,Testing,Germany,1
APDEU001,AIX,Production,Germany,1
LPDEU002,Linux,Production,Germany,2
HDFRA001,HP-UX,Development,France,1
LTIRL001,Linux,Testing,Ireland,1
ATDEU002,AIX,Testing,Germany,2
ADDEU001,AIX,Development,Germany,1
SIFRA001,Solaris,Integration,France,1
STDEU001,Solaris,Testing,Germany,1
LIIRL001,Linux,Integration,Ireland,1
APIRL003,AIX,Production,Ireland,3
HSIRL001,HP-UX,Staging,Ireland,1
SSESP001,Solaris,Staging,Spain,1
ASNOR001,AIX,Staging,Norway,1
LIDEU002,Linux,Integration,Germany,2
SPESP001,Solaris,Production,Spain,1
SPITA001,Solaris,Production,Italy,1
LIDEU003,Linux,Integration,Germany,3
LSITA003,Linux,Staging,Italy,3
HIDEU001,HP-UX,Integration,Germany,1
SDDEU001,Solaris,Development,Germany,1
SSIRL001,Solaris,Staging,Ireland,1
LTIRL002,Linux,Testing,Ireland,2
ATDEU003,AIX,Testing,Germany,3
LSESP002,Linux,Staging,Spain,2
SDIRL001,Solaris,Development,Ireland,1
LIDEU004,Linux,Integration,Germany,4
ASITA003,AIX,Staging,Italy,3
LTDEU003,Linux,Testing,Germany,3
SIESP001,Solaris,Integration,Spain,1
LTFRA001,Linux,Testing,France,1
LPESP002,Linux,Production,Spain,2
SDDEU002,Solaris,Development,Germany,2
HSITA002,HP-UX,Staging,Italy,2
AINOR001,AIX,Integration,Norway,1
LSIRL002,Linux,Staging,Ireland,2
HTFRA001,HP-UX,Testing,France,1
LTESP002,Linux,Testing,Spain,2
LSIRL003,Linux,Staging,Ireland,3
STIRL003,Solaris,Testing,Ireland,3
SPITA002,Solaris,Production,Italy,2
STIRL004,Solaris,Testing,Ireland,4
STIRL005,Solaris,Testing,Ireland,5
ATIRL003,AIX,Testing,Ireland,3
ADNOR001,AIX,Development,Norway,1
LPITA002,Linux,Production,Italy,2
SPDEU001,Solaris,Production,Germany,1
LPDEU003,Linux,Production,Germany,3
LPIRL002,Linux,Production,Ireland,2
ASDEU001,AIX,Staging,Germany,1
ATDEU004,AIX,Testing,Germany,4
ATNOR001,AIX,Testing,Norway,1
SSESP002,Solaris,Staging,Spain,2
SSDEU002,Solaris,Staging,Germany,2
HSESP001,HP-UX,Staging,Spain,1
STIRL006,Solaris,Testing,Ireland,6
LTNOR001,Linux,Testing,Norway,1
LPESP003,Linux,Production,Spain,3
SPDEU002,Solaris,Production,Germany,2
ATDEU005,AIX,Testing,Germany,5
LIFRA001,Linux,Integration,France,1
STIRL007,Solaris,Testing,Ireland,7
LTITA002,Linux,Testing,Italy,2
LPDEU004,Linux,Production,Germany,4
LIIRL002,Linux,Integration,Ireland,2
LSESP003,Linux,Staging,Spain,3
HTIRL001,HP-UX,Testing,Ireland,1
LPITA003,Linux,Production,Italy,3
APIRL004,AIX,Production,Ireland,4
STIRL008,Solaris,Testing,Ireland,8
SPIRL003,Solaris,Production,Ireland,3
STDEU002,Solaris,Testing,Germany,2
LTDEU004,Linux,Testing,Germany,4
LTIRL003,Linux,Testing,Ireland,3
STIRL009,Solaris,Testing,Ireland,9
APITA002,AIX,Production,Italy,2
HSESP002,HP-UX,Staging,Spain,2
LPITA004,Linux,Production,Italy,4
SSFRA001,Solaris,Staging,France,1
LIESP001,Linux,Integration,Spain,1
LTDEU005,Linux,Testing,Germany,5
STITA003,Solaris,Testing,Italy,3
LIIRL003,Linux,Integration,Ireland,3
LDITA001,Linux,Development,Italy,1
APIRL005,AIX,Production,Ireland,5
ATDEU006,AIX,Testing,Germany,6
HPDEU002,HP-UX,Production,Germany,2
ADIRL001,AIX,Development,Ireland,1
SPIRL004,Solaris,Production,Ireland,4
LSESP004,Linux,Staging,Spain,4
LPFRA001,Linux,Production,France,1
SPIRL005,Solaris,Production,Ireland,5
LSIRL004,Linux,Staging,Ireland,4
LIIRL004,Linux,Integration,Ireland,4
LTIRL004,Linux,Testing,Ireland,4
LDNOR001,Linux,Development,Norway,1
LSIRL005,Linux,Staging,Ireland,5
LTITA003,Linux,Testing,Italy,3
HPDEU003,HP-UX,Production,Germany,3
LIIRL005,Linux,Integration,Ireland,5
LPDEU005,Linux,Production,Germany,5
APNOR001,AIX,Production,Norway,1
LTDEU006,Linux,Testing,Germany,6
SIIRL001,Solaris,Integration,Ireland,1
LSESP005,Linux,Staging,Spain,5
LSESP006,Linux,Staging,Spain,6
SSDEU003,Solaris,Staging,Germany,3
LPFRA002,Linux,Production,France,2
HDIRL001,HP-UX,Development,Ireland,1
LPDEU006,Linux,Production,Germany,6
LPFRA003,Linux,Production,France,3
HPITA001,HP-UX,Production,Italy,1
SSDEU004,Solaris,Staging,Germany,4
HSFRA001,HP-UX,Staging,France,1
HIDEU002,HP-UX,Integration,Germany,2
SPDEU003,Solaris,Production,Germany,3
SSITA003,Solaris,Staging,Italy,3
LSIRL006,Linux,Staging,Ireland,6
HPESP001,HP-UX,Production,Spain,1
SSITA004,Solaris,Staging,Italy,4
SPFRA001,Solaris,Production,France,1
HPNOR001,HP-UX,Production,Norway,1
SDITA001,Solaris,Development,Italy,1
SSNOR001,Solaris,Staging,Norway,1
HSITA003,HP-UX,Staging,Italy,3
LDDEU003,Linux,Development,Germany,3
SIFRA002,Solaris,Integration,France,2
APITA003,AIX,Production,Italy,3
LTITA004,Linux,Testing,Italy,4
LSDEU003,Linux,Staging,Germany,3
LPDEU007,Linux,Production,Germany,7
LPFRA004,Linux,Production,France,4
HPIRL002,HP-UX,Production,Ireland,2
LTITA005,Linux,Testing,Italy,5
LSIRL007,Linux,Staging,Ireland,7
LSIRL008,Linux,Staging,Ireland,8
LPIRL003,Linux,Production,Ireland,3
SDESP001,Solaris,Development,Spain,1
LTITA006,Linux,Testing,Italy,6
SIDEU001,Solaris,Integration,Germany,1
ASIRL002,AIX,Staging,Ireland,2
LIIRL006,Linux,Integration,Ireland,6
SIFRA003,Solaris,Integration,France,3
HSDEU001,HP-UX,Staging,Germany,1
SPDEU004,Solaris,Production,Germany,4
ADIRL002,AIX,Development,Ireland,2
ATDEU007,AIX,Testing,Germany,7
SPDEU005,Solaris,Production,Germany,5
HSITA004,HP-UX,Staging,Italy,4
SPITA003,Solaris,Production,Italy,3
LSITA004,Linux,Staging,Italy,4
SPITA004,Solaris,Production,Italy,4
HIDEU003,HP-UX,Integration,Germany,3
ASITA004,AIX,Staging,Italy,4
LPIRL004,Linux,Production,Ireland,4
LTIRL005,Linux,Testing,Ireland,5
LSITA005,Linux,Staging,Italy,5
SSITA005,Solaris,Staging,Italy,5
LTESP003,Linux,Testing,Spain,3
LTNOR002,Linux,Testing,Norway,2
SPFRA002,Solaris,Production,France,2
LTIRL006,Linux,Testing,Ireland,6
LPFRA005,Linux,Production,France,5
SDITA002,Solaris,Development,Italy,2
ATESP001,AIX,Testing,Spain,1
STFRA002,Solaris,Testing,France,2
SPDEU006,Solaris,Production,Germany,6
ADIRL003,AIX,Development,Ireland,3
SPIRL006,Solaris,Production,Ireland,6
SSDEU005,Solaris,Staging,Germany,5
LTDEU007,Linux,Testing,Germany,7
LPDEU008,Linux,Production,Germany,8
LIDEU005,Linux,Integration,Germany,5
ATESP002,AIX,Testing,Spain,2
SDDEU003,Solaris,Development,Germany,3
LSDEU004,Linux,Staging,Germany,4
LPITA005,Linux,Production,Italy,5
SPIRL007,Solaris,Production,Ireland,7
LPFRA006,Linux,Production,France,6
ATITA001,AIX,Testing,Italy,1
SPESP002,Solaris,Production,Spain,2
SDIRL002,Solaris,Development,Ireland,2
APIRL006,AIX,Production,Ireland,6
SSIRL002,Solaris,Staging,Ireland,2
LPIRL005,Linux,Production,Ireland,5
SPIRL008,Solaris,Production,Ireland,8
SDFRA001,Solaris,Development,France,1
SSDEU006,Solaris,Staging,Germany,6
SSDEU007,Solaris,Staging,Germany,7
LDIRL001,Linux,Development,Ireland,1
APDEU002,AIX,Production,Germany,2
LPIRL006,Linux,Production,Ireland,6
ATIRL004,AIX,Testing,Ireland,4
SPITA005,Solaris,Production,Italy,5
LPIRL007,Linux,Production,Ireland,7
LPIRL008,Linux,Production,Ireland,8
HPNOR002,HP-UX,Production,Norway,2
APITA004,AIX,Production,Italy,4
STIRL010,Solaris,Testing,Ireland,10
LDITA002,Linux,Development,Italy,2
HPESP002,HP-UX,Production,Spain,2
SIFRA004,Solaris,Integration,France,4
SSESP003,Solaris,Staging,Spain,3
LIFRA002,Linux,Integration,France,2
HSDEU002,HP-UX,Staging,Germany,2
SDIRL003,Solaris,Development,Ireland,3
LTIRL007,Linux,Testing,Ireland,7
ATITA002,AIX,Testing,Italy,2
SIIRL002,Solaris,Integration,Ireland,2
SPESP003,Solaris,Production,Spain,3
LTDEU008,Linux,Testing,Germany,8
LSNOR001,Linux,Staging,Norway,1
SDDEU004,Solaris,Development,Germany,4
LTDEU009,Linux,Testing,Germany,9
LPDEU009,Linux,Production,Germany,9
LDFRA001,Linux,Development,France,1
LSESP007,Linux,Staging,Spain,7
LPITA006,Linux,Production,Italy,6
SSITA006,Solaris,Staging,Italy,6
SSDEU008,Solaris,Staging,Germany,8
LDNOR002,Linux,Development,Norway,2
APDEU003,AIX,Production,Germany,3
LPDEU010,Linux,Production,Germany,10
STIRL011,Solaris,Testing,Ireland,11
LSDEU005,Linux,Staging,Germany,5
STITA004,Solaris,Testing,Italy,4
SPDEU007,Solaris,Production,Germany,7
SSIRL003,Solaris,Staging,Ireland,3
LTITA007,Linux,Testing,Italy,7
APNOR002,AIX,Production,Norway,2
SPFRA003,Solaris,Production,France,3
ATIRL005,AIX,Testing,Ireland,5
LTIRL008,Linux,Testing,Ireland,8
LPDEU011,Linux,Production,Germany,11
STESP001,Solaris,Testing,Spain,1
LSIRL009,Linux,Staging,Ireland,9
LTNOR003,Linux,Testing,Norway,3
HSIRL002,HP-UX,Staging,Ireland,2
ASESP002,AIX,Staging,Spain,2
SIIRL003,Solaris,Integration,Ireland,3
SPDEU008,Solaris,Production,Germany,8
LPDEU012,Linux,Production,Germany,12
LDDEU004,Linux,Development,Germany,4
LPIRL009,Linux,Production,Ireland,9
LTITA008,Linux,Testing,Italy,8
APIRL007,AIX,Production,Ireland,7
LIFRA003,Linux,Integration,France,3
LSIRL010,Linux,Staging,Ireland,10
LIESP002,Linux,Integration,Spain,2
HPFRA001,HP-UX,Production,France,1
SIIRL004,Solaris,Integration,Ireland,4
LTDEU010,Linux,Testing,Germany,10
LTDEU011,Linux,Testing,Germany,11
STDEU003,Solaris,Testing,Germany,3
LTITA009,Linux,Testing,Italy,9
SIDEU002,Solaris,Integration,Germany,2
SIIRL005,Solaris,Integration,Ireland,5
STIRL012,Solaris,Testing,Ireland,12
ATESP003,AIX,Testing,Spain,3
LTIRL009,Linux,Testing,Ireland,9
LDDEU005,Linux,Development,Germany,5
ASFRA002,AIX,Staging,France,2
LDFRA002,Linux,Development,France,2
HPITA002,HP-UX,Production,Italy,2
LTIRL010,Linux,Testing,Ireland,10
ASDEU002,AIX,Staging,Germany,2
LSITA006,Linux,Staging,Italy,6
SPITA006,Solaris,Production,Italy,6
LTIRL011,Linux,Testing,Ireland,11
SSIRL004,Solaris,Staging,Ireland,4
SIFRA005,Solaris,Integration,France,5
ASDEU003,AIX,Staging,Germany,3
LPNOR002,Linux,Production,Norway,2
SDIRL004,Solaris,Development,Ireland,4
ASIRL003,AIX,Staging,Ireland,3
SDFRA002,Solaris,Development,France,2
HSFRA002,HP-UX,Staging,France,2
SPESP004,Solaris,Production,Spain,4
LSDEU006,Linux,Staging,Germany,6
LSIRL011,Linux,Staging,Ireland,11
LIDEU006,Linux,Integration,Germany,6
SPDEU009,Solaris,Production,Germany,9
ADIRL004,AIX,Development,Ireland,4
LPESP004,Linux,Production,Spain,4
LTIRL012,Linux,Testing,Ireland,12
LPESP005,Linux,Production,Spain,5
SPIRL009,Solaris,Production,Ireland,9
ATDEU008,AIX,Testing,Germany,8
LDESP001,Linux,Development,Spain,1
LDDEU006,Linux,Development,Germany,6
LSIRL012,Linux,Staging,Ireland,12
STFRA003,Solaris,Testing,France,3
APDEU004,AIX,Production,Germany,4
LTDEU012,Linux,Testing,Germany,12
LSIRL013,Linux,Staging,Ireland,13
LPIRL010,Linux,Production,Ireland,10
LIITA001,Linux,Integration,Italy,1
SPITA007,Solaris,Production,Italy,7
APDEU005,AIX,Production,Germany,5
HTIRL002,HP-UX,Testing,Ireland,2
SIIRL006,Solaris,Integration,Ireland,6
LTIRL013,Linux,Testing,Ireland,13
LTIRL014,Linux,Testing,Ireland,14
LPIRL011,Linux,Production,Ireland,11
LPESP006,Linux,Production,Spain,6
ASIRL004,AIX,Staging,Ireland,4
LPFRA007,Linux,Production,France,7
LIESP003,Linux,Integration,Spain,3
SSITA007,Solaris,Staging,Italy,7
LSESP008,Linux,Staging,Spain,8
AIITA001,AIX,Integration,Italy,1
LIDEU007,Linux,Integration,Germany,7
APESP001,AIX,Production,Spain,1
LPITA007,Linux,Production,Italy,7
SSDEU009,Solaris,Staging,Germany,9
LTESP004,Linux,Testing,Spain,4
LSESP009,Linux,Staging,Spain,9
LPIRL012,Linux,Production,Ireland,12
ADIRL005,AIX,Development,Ireland,5
LTIRL015,Linux,Testing,Ireland,15
AIIRL002,AIX,Integration,Ireland,2
SPIRL010,Solaris,Production,Ireland,10
APDEU006,AIX,Production,Germany,6
SDESP002,Solaris,Development,Spain,2
APDEU007,AIX,Production,Germany,7
LPIRL013,Linux,Production,Ireland,13
LIITA002,Linux,Integration,Italy,2
LSDEU007,Linux,Staging,Germany,7
ASIRL005,AIX,Staging,Ireland,5
ATESP004,AIX,Testing,Spain,4
LSIRL014,Linux,Staging,Ireland,14
LTDEU013,Linux,Testing,Germany,13
SSITA008,Solaris,Staging,Italy,8
SSESP004,Solaris,Staging,Spain,4
LSDEU008,Linux,Staging,Germany,8
APESP002,AIX,Production,Spain,2
LSFRA001,Linux,Staging,France,1
HDFRA002,HP-UX,Development,France,2
LTFRA002,Linux,Testing,France,2
LTDEU014,Linux,Testing,Germany,14
LTDEU015,Linux,Testing,Germany,15
SDESP003,Solaris,Development,Spain,3
STITA005,Solaris,Testing,Italy,5
SPIRL011,Solaris,Production,Ireland,11
ADNOR002,AIX,Development,Norway,2
SIITA001,Solaris,Integration,Italy,1
LIDEU008,Linux,Integration,Germany,8
HPITA003,HP-UX,Production,Italy,3
LPDEU013,Linux,Production,Germany,13
SDDEU005,Solaris,Development,Germany,5
ASIRL006,AIX,Staging,Ireland,6
SSIRL005,Solaris,Staging,Ireland,5
AIDEU002,AIX,Integration,Germany,2
AIIRL003,AIX,Integration,Ireland,3
SSIRL006,Solaris,Staging,Ireland,6
LTIRL016,Linux,Testing,Ireland,16
HTITA002,HP-UX,Testing,Italy,2
STDEU004,Solaris,Testing,Germany,4
ATDEU009,AIX,Testing,Germany,9
LDITA003,Linux,Development,Italy,3
STIRL013,Solaris,Testing,Ireland,13
LSIRL015,Linux,Staging,Ireland,15
LPDEU014,Linux,Production,Germany,14
HTESP001,HP-UX,Testing,Spain,1
APDEU008,AIX,Production,Germany,8
LTIRL017,Linux,Testing,Ireland,17
STIRL014,Solaris,Testing,Ireland,14
LSFRA002,Linux,Staging,France,2
SSIRL007,Solaris,Staging,Ireland,7
HSDEU003,HP-UX,Staging,Germany,3
HSFRA003,HP-UX,Staging,France,3
LPIRL014,Linux,Production,Ireland,14
LPESP007,Linux,Production,Spain,7
LIITA003,Linux,Integration,Italy,3
LPITA008,Linux,Production,Italy,8
LPDEU015,Linux,Production,Germany,15
ASFRA003,AIX,Staging,France,3
SPESP005,Solaris,Production,Spain,5
STITA006,Solaris,Testing,Italy,6
LPITA009,Linux,Production,Italy,9
ASFRA004,AIX,Staging,France,4
AIESP001,AIX,Integration,Spain,1
HSITA005,HP-UX,Staging,Italy,5
SIIRL007,Solaris,Integration,Ireland,7
LPITA010,Linux,Production,Italy,10
STESP002,Solaris,Testing,Spain,2
LIDEU009,Linux,Integration,Germany,9
SIDEU003,Solaris,Integration,Germany,3
LTNOR004,Linux,Testing,Norway,4
LSESP010,Linux,Staging,Spain,10
AIFRA002,AIX,Integration,France,2
STIRL015,Solaris,Testing,Ireland,15
LPITA011,Linux,Production,Italy,11
STIRL016,Solaris,Testing,Ireland,16
HTESP002,HP-UX,Testing,Spain,2
SSDEU010,Solaris,Staging,Germany,10
LPDEU016,Linux,Production,Germany,16
STDEU005,Solaris,Testing,Germany,5
LTIRL018,Linux,Testing,Ireland,18
LTIRL019,Linux,Testing,Ireland,19
LSIRL016,Linux,Staging,Ireland,16
LTITA010,Linux,Testing,Italy,10
LPITA012,Linux,Production,Italy,12
SDFRA003,Solaris,Development,France,3
LPDEU017,Linux,Production,Germany,17
APESP003,AIX,Production,Spain,3
AIDEU003,AIX,Integration,Germany,3
LPDEU018,Linux,Production,Germany,18
LSITA007,Linux,Staging,Italy,7
HSESP003,HP-UX,Staging,Spain,3
HTESP003,HP-UX,Testing,Spain,3
SSIRL008,Solaris,Staging,Ireland,8
LPESP008,Linux,Production,Spain,8
APDEU009,AIX,Production,Germany,9
LTESP005,Linux,Testing,Spain,5
LPITA013,Linux,Production,Italy,13
LSFRA003,Linux,Staging,France,3
LSIRL017,Linux,Staging,Ireland,17
SPESP006,Solaris,Production,Spain,6
APIRL008,AIX,Production,Ireland,8
LSITA008,Linux,Staging,Italy,8
SSIRL009,Solaris,Staging,Ireland,9
SSIRL010,Solaris,Staging,Ireland,10
LDDEU007,Linux,Development,Germany,7
STNOR001,Solaris,Testing,Norway,1
STDEU006,Solaris,Testing,Germany,6
ATDEU010,AIX,Testing,Germany,10
HPIRL003,HP-UX,Production,Ireland,3
ASDEU004,AIX,Staging,Germany,4
LPIRL015,Linux,Production,Ireland,15
LIESP004,Linux,Integration,Spain,4
SIIRL008,Solaris,Integration,Ireland,8
SSIRL011,Solaris,Staging,Ireland,11
LIIRL007,Linux,Integration,Ireland,7
LSESP011,Linux,Staging,Spain,11
LPITA014,Linux,Production,Italy,14
APFRA001,AIX,Production,France,1
LSDEU009,Linux,Staging,Germany,9
ATNOR002,AIX,Testing,Norway,2
LPIRL016,Linux,Production,Ireland,16
LTITA011,Linux,Testing,Italy,11
SPIRL012,Solaris,Production,Ireland,12
ADNOR003,AIX,Development,Norway,3
LTESP006,Linux,Testing,Spain,6
LPITA015,Linux,Production,Italy,15
LTFRA003,Linux,Testing,France,3
SSDEU011,Solaris,Staging,Germany,11
ASDEU005,AIX,Staging,Germany,5
ASDEU006,AIX,Staging,Germany,6
LTITA012,Linux,Testing,Italy,12
ASESP003,AIX,Staging,Spain,3
LIIRL008,Linux,Integration,Ireland,8
SSITA009,Solaris,Staging,Italy,9
APIRL009,AIX,Production,Ireland,9
HPNOR003,HP-UX,Production,Norway,3
STDEU007,Solaris,Testing,Germany,7
STIRL017,Solaris,Testing,Ireland,17
LSDEU010,Linux,Staging,Germany,10
STDEU008,Solaris,Testing,Germany,8
SIDEU004,Solaris,Integration,Germany,4
HTESP004,HP-UX,Testing,Spain,4
LPITA016,Linux,Production,Italy,16
LTDEU016,Linux,Testing,Germany,16
LDESP002,Linux,Development,Spain,2
APESP004,AIX,Production,Spain,4
SSESP005,Solaris,Staging,Spain,5
APESP005,AIX,Production,Spain,5
LSFRA004,Linux,Staging,France,4
SPDEU010,Solaris,Production,Germany,10
HSDEU004,HP-UX,Staging,Germany,4
ADITA001,AIX,Development,Italy,1
SSFRA002,Solaris,Staging,France,2
APIRL010,AIX,Production,Ireland,10
SSDEU012,Solaris,Staging,Germany,12
HSIRL003,HP-UX,Staging,Ireland,3
SPITA008,Solaris,Production,Italy,8
LPIRL017,Linux,Production,Ireland,17
LPITA017,Linux,Production,Italy,17
SDITA003,Solaris,Development,Italy,3
SSITA010,Solaris,Staging,Italy,10
STIRL018,Solaris,Testing,Ireland,18
LSIRL018,Linux,Staging,Ireland,18
LSDEU011,Linux,Staging,Germany,11
STIRL019,Solaris,Testing,Ireland,19
SSIRL012,Solaris,Staging,Ireland,12
SPNOR001,Solaris,Production,Norway,1
SPIRL013,Solaris,Production,Ireland,13
HTITA003,HP-UX,Testing,Italy,3
LSNOR002,Linux,Staging,Norway,2
LSESP012,Linux,Staging,Spain,12
HDNOR001,HP-UX,Development,Norway,1
SPESP007,Solaris,Production,Spain,7
ADESP001,AIX,Development,Spain,1
HSIRL004,HP-UX,Staging,Ireland,4
SPESP008,Solaris,Production,Spain,8
LDIRL002,Linux,Development,Ireland,2
STDEU009,Solaris,Testing,Germany,9
APITA005,AIX,Production,Italy,5
ADDEU002,AIX,Development,Germany,2
ATDEU011,AIX,Testing,Germany,11
LTIRL020,Linux,Testing,Ireland,20
LPIRL018,Linux,Production,Ireland,18
SDITA004,Solaris,Development,Italy,4
SPDEU011,Solaris,Production,Germany,11
ATIRL006,AIX,Testing,Ireland,6
LSIRL019,Linux,Staging,Ireland,19
LPDEU019,Linux,Production,Germany,19
LPIRL019,Linux,Production,Ireland,19
ATFRA001,AIX,Testing,France,1
ASDEU007,AIX,Staging,Germany,7
STDEU010,Solaris,Testing,Germany,10
LPFRA008,Linux,Production,France,8
ATDEU012,AIX,Testing,Germany,12
HTIRL003,HP-UX,Testing,Ireland,3
HTIRL004,HP-UX,Testing,Ireland,4
SPIRL014,Solaris,Production,Ireland,14
ADIRL006,AIX,Development,Ireland,6
APIRL011,AIX,Production,Ireland,11
SIITA002,Solaris,Integration,Italy,2
STIRL020,Solaris,Testing,Ireland,20
STITA007,Solaris,Testing,Italy,7
SSDEU013,Solaris,Staging,Germany,13
SPESP009,Solaris,Production,Spain,9
SPIRL015,Solaris,Production,Ireland,15
LSDEU012,Linux,Staging,Germany,12
LSITA009,Linux,Staging,Italy,9
SSDEU014,Solaris,Staging,Germany,14
SDIRL005,Solaris,Development,Ireland,5
SSITA011,Solaris,Staging,Italy,11
SPNOR002,Solaris,Production,Norway,2
SIDEU005,Solaris,Integration,Germany,5
APESP006,AIX,Production,Spain,6
ASIRL007,AIX,Staging,Ireland,7
SSESP006,Solaris,Staging,Spain,6
LPITA018,Linux,Production,Italy,18
LSESP013,Linux,Staging,Spain,13
LTESP007,Linux,Testing,Spain,7
SDDEU006,Solaris,Development,Germany,6
ASESP004,AIX,Staging,Spain,4
SSIRL013,Solaris,Staging,Ireland,13
SPITA009,Solaris,Production,Italy,9
LTITA013,Linux,Testing,Italy,13
APDEU010,AIX,Production,Germany,10
LPDEU020,Linux,Production,Germany,20
SPIRL016,Solaris,Production,Ireland,16
LTESP008,Linux,Testing,Spain,8
LIDEU010,Linux,Integration,Germany,10
ADIRL007,AIX,Development,Ireland,7
ATDEU013,AIX,Testing,Germany,13
ATITA003,AIX,Testing,Italy,3
LPNOR003,Linux,Production,Norway,3
LPIRL020,Linux,Production,Ireland,20
LDESP003,Linux,Development,Spain,3
STESP003,Solaris,Testing,Spain,3
ASIRL008,AIX,Staging,Ireland,8
LTFRA004,Linux,Testing,France,4
HSIRL005,HP-UX,Staging,Ireland,5
LSESP014,Linux,Staging,Spain,14
ASITA005,AIX,Staging,Italy,5
SSNOR002,Solaris,Staging,Norway,2
LSESP015,Linux,Staging,Spain,15
HSIRL006,HP-UX,Staging,Ireland,6
APESP007,AIX,Production,Spain,7
STFRA004,Solaris,Testing,France,4
SSITA012,Solaris,Staging,Italy,12
STIRL021,Solaris,Testing,Ireland,21
SPITA010,Solaris,Production,Italy,10
HTESP005,HP-UX,Testing,Spain,5
LTESP009,Linux,Testing,Spain,9
LPDEU021,Linux,Production,Germany,21
SPDEU012,Solaris,Production,Germany,12
APIRL012,AIX,Production,Ireland,12
LTIRL021,Linux,Testing,Ireland,21
ATNOR003,AIX,Testing,Norway,3
ASITA006,AIX,Staging,Italy,6
SSNOR003,Solaris,Staging,Norway,3
HSNOR001,HP-UX,Staging,Norway,1
SDDEU007,Solaris,Development,Germany,7
AIDEU004,AIX,Integration,Germany,4
LDESP004,Linux,Development,Spain,4
ASNOR002,AIX,Staging,Norway,2
SDIRL006,Solaris,Development,Ireland,6
SSESP007,Solaris,Staging,Spain,7
LSFRA005,Linux,Staging,France,5
LTESP010,Linux,Testing,Spain,10
SSDEU015,Solaris,Staging,Germany,15
HTIRL005,HP-UX,Testing,Ireland,5
STNOR002,Solaris,Testing,Norway,2
SPDEU013,Solaris,Production,Germany,13
ASIRL009,AIX,Staging,Ireland,9
LSESP016,Linux,Staging,Spain,16
SPFRA004,Solaris,Production,France,4
HDIRL002,HP-UX,Development,Ireland,2
SPIRL017,Solaris,Production,Ireland,17
SPIRL018,Solaris,Production,Ireland,18
ATDEU014,AIX,Testing,Germany,14
AIIRL004,AIX,Integration,Ireland,4
STESP004,Solaris,Testing,Spain,4
ATESP005,AIX,Testing,Spain,5
LIIRL009,Linux,Integration,Ireland,9
AIIRL005,AIX,Integration,Ireland,5
LSITA010,Linux,Staging,Italy,10
SDESP004,Solaris,Development,Spain,4
SPIRL019,Solaris,Production,Ireland,19
SSITA013,Solaris,Staging,Italy,13
LDIRL003,Linux,Development,Ireland,3
LSDEU013,Linux,Staging,Germany,13
STESP005,Solaris,Testing,Spain,5
APDEU011,AIX,Production,Germany,11
LDDEU008,Linux,Development,Germany,8
LTESP011,Linux,Testing,Spain,11
HDITA002,HP-UX,Development,Italy,2
LSDEU014,Linux,Staging,Germany,14
SPIRL020,Solaris,Production,Ireland,20
AIFRA003,AIX,Integration,France,3
STIRL022,Solaris,Testing,Ireland,22
LINOR001,Linux,Integration,Norway,1
SPDEU014,Solaris,Production,Germany,14
LIITA004,Linux,Integration,Italy,4
LSDEU015,Linux,Staging,Germany,15
LPIRL021,Linux,Production,Ireland,21
SDITA005,Solaris,Development,Italy,5
ADIRL008,AIX,Development,Ireland,8
LTIRL022,Linux,Testing,Ireland,22
LSDEU016,Linux,Staging,Germany,16
LSESP017,Linux,Staging,Spain,17
AIIRL006,AIX,Integration,Ireland,6
APIRL013,AIX,Production,Ireland,13
SDDEU008,Solaris,Development,Germany,8
LDIRL004,Linux,Development,Ireland,4
HPESP003,HP-UX,Production,Spain,3
SPITA011,Solaris,Production,Italy,11
SIIRL009,Solaris,Integration,Ireland,9
LPDEU022,Linux,Production,Germany,22
STITA008,Solaris,Testing,Italy,8
STDEU011,Solaris,Testing,Germany,11
LTITA014,Linux,Testing,Italy,14
ATDEU015,AIX,Testing,Germany,15
LSDEU017,Linux,Staging,Germany,17
ATDEU016,AIX,Testing,Germany,16
SSDEU016,Solaris,Staging,Germany,16
LPITA019,Linux,Production,Italy,19
SIIRL010,Solaris,Integration,Ireland,10
LSIRL020,Linux,Staging,Ireland,20
STDEU012,Solaris,Testing,Germany,12
LSESP018,Linux,Staging,Spain,18
STIRL023,Solaris,Testing,Ireland,23
SPDEU015,Solaris,Production,Germany,15
LTESP012,Linux,Testing,Spain,12
STDEU013,Solaris,Testing,Germany,13
LSESP019,Linux,Staging,Spain,19
LTFRA005,Linux,Testing,France,5
LPITA020,Linux,Production,Italy,20
STDEU014,Solaris,Testing,Germany,14
SIESP002,Solaris,Integration,Spain,2
SPESP010,Solaris,Production,Spain,10
LPIRL022,Linux,Production,Ireland,22
LTDEU017,Linux,Testing,Germany,17
HTIRL006,HP-UX,Testing,Ireland,6
LIIRL010,Linux,Integration,Ireland,10
LTIRL023,Linux,Testing,Ireland,23
LSDEU018,Linux,Staging,Germany,18
SIIRL011,Solaris,Integration,Ireland,11
STITA009,Solaris,Testing,Italy,9
SPESP011,Solaris,Production,Spain,11
HSESP004,HP-UX,Staging,Spain,4
SSESP008,Solaris,Staging,Spain,8
LTITA015,Linux,Testing,Italy,15
ASFRA005,AIX,Staging,France,5
ATESP006,AIX,Testing,Spain,6
LIIRL011,Linux,Integration,Ireland,11
LTITA016,Linux,Testing,Italy,16
LSESP020,Linux,Staging,Spain,20
LPESP009,Linux,Production,Spain,9
APIRL014,AIX,Production,Ireland,14
SDDEU009,Solaris,Development,Germany,9
HPDEU004,HP-UX,Production,Germany,4
APITA006,AIX,Production,Italy,6
HTDEU001,HP-UX,Testing,Germany,1
LDESP005,Linux,Development,Spain,5
LPITA021,Linux,Production,Italy,21
LIFRA004,Linux,Integration,France,4
LIDEU011,Linux,Integration,Germany,11
AIDEU005,AIX,Integration,Germany,5
SPIRL021,Solaris,Production,Ireland,21
LPFRA009,Linux,Production,France,9
ADIRL009,AIX,Development,Ireland,9
LTDEU018,Linux,Testing,Germany,18
SSFRA003,Solaris,Staging,France,3
APDEU012,AIX,Production,Germany,12
SPIRL022,Solaris,Production,Ireland,22
SDFRA004,Solaris,Development,France,4
STITA010,Solaris,Testing,Italy,10
STFRA005,Solaris,Testing,France,5
LDDEU009,Linux,Development,Germany,9
LIDEU012,Linux,Integration,Germany,12
SSNOR004,Solaris,Staging,Norway,4
ASITA007,AIX,Staging,Italy,7
HPESP004,HP-UX,Production,Spain,4
LSIRL021,Linux,Staging,Ireland,21
LSITA011,Linux,Staging,Italy,11
SSDEU017,Solaris,Staging,Germany,17
ATITA004,AIX,Testing,Italy,4
LPIRL023,Linux,Production,Ireland,23
HDIRL003,HP-UX,Development,Ireland,3
SDIRL007,Solaris,Development,Ireland,7
AIDEU006,AIX,Integration,Germany,6
STITA011,Solaris,Testing,Italy,11
APIRL015,AIX,Production,Ireland,15
STIRL024,Solaris,Testing,Ireland,24
LTIRL024,Linux,Testing,Ireland,24
LPFRA010,Linux,Production,France,10
APESP008,AIX,Production,Spain,8
LSNOR003,Linux,Staging,Norway,3
LPIRL024,Linux,Production,Ireland,24
SPDEU016,Solaris,Production,Germany,16
LIDEU013,Linux,Integration,Germany,13
SSDEU018,Solaris,Staging,Germany,18
ASFRA006,AIX,Staging,France,6
STIRL025,Solaris,Testing,Ireland,25
STDEU015,Solaris,Testing,Germany,15
APFRA002,AIX,Production,France,2
STDEU016,Solaris,Testing,Germany,16
APDEU013,AIX,Production,Germany,13
LPDEU023,Linux,Production,Germany,23
LPESP010,Linux,Production,Spain,10
ATNOR004,AIX,Testing,Norway,4
STDEU017,Solaris,Testing,Germany,17
SPIRL023,Solaris,Production,Ireland,23
ASESP005,AIX,Staging,Spain,5
SINOR001,Solaris,Integration,Norway,1
SIITA003,Solaris,Integration,Italy,3
ATIRL007,AIX,Testing,Ireland,7
SPIRL024,Solaris,Production,Ireland,24
LTFRA006,Linux,Testing,France,6
LTDEU019,Linux,Testing,Germany,19
SSIRL014,Solaris,Staging,Ireland,14
SPDEU017,Solaris,Production,Germany,17
HPITA004,HP-UX,Production,Italy,4
LDITA004,Linux,Development,Italy,4
LTESP013,Linux,Testing,Spain,13
HINOR001,HP-UX,Integration,Norway,1
APFRA003,AIX,Production,France,3
LSDEU019,Linux,Staging,Germany,19
LPDEU024,Linux,Production,Germany,24
HDESP001,HP-UX,Development,Spain,1
HPITA005,HP-UX,Production,Italy,5
ATDEU017,AIX,Testing,Germany,17
LTDEU020,Linux,Testing,Germany,20
ASIRL010,AIX,Staging,Ireland,10
LIITA005,Linux,Integration,Italy,5
LSFRA006,Linux,Staging,France,6
LSNOR004,Linux,Staging,Norway,4
SPESP012,Solaris,Production,Spain,12
LPESP011,Linux,Production,Spain,11
LDIRL005,Linux,Development,Ireland,5
LTNOR005,Linux,Testing,Norway,5
SSESP009,Solaris,Staging,Spain,9
HTIRL007,HP-UX,Testing,Ireland,7
LTIRL025,Linux,Testing,Ireland,25
STIRL026,Solaris,Testing,Ireland,26
LSNOR005,Linux,Staging,Norway,5
APIRL016,AIX,Production,Ireland,16
SPDEU018,Solaris,Production,Germany,18
SPNOR003,Solaris,Production,Norway,3
SPIRL025,Solaris,Production,Ireland,25
ASNOR003,AIX,Staging,Norway,3
LTDEU021,Linux,Testing,Germany,21
LSIRL022,Linux,Staging,Ireland,22
LPIRL025,Linux,Production,Ireland,25
SSIRL015,Solaris,Staging,Ireland,15
LINOR002,Linux,Integration,Norway,2
SPIRL026,Solaris,Production,Ireland,26
LIIRL012,Linux,Integration,Ireland,12
HPDEU005,HP-UX,Production,Germany,5
ASIRL011,AIX,Staging,Ireland,11
HPNOR004,HP-UX,Production,Norway,4
STDEU018,Solaris,Testing,Germany,18
LTITA017,Linux,Testing,Italy,17
HDDEU001,HP-UX,Development,Germany,1
ATIRL008,AIX,Testing,Ireland,8
APFRA004,AIX,Production,France,4
LSIRL023,Linux,Staging,Ireland,23
LPIRL026,Linux,Production,Ireland,26
SSESP010,Solaris,Staging,Spain,10
ATITA005,AIX,Testing,Italy,5
STIRL027,Solaris,Testing,Ireland,27
LDESP006,Linux,Development,Spain,6
LPIRL027,Linux,Production,Ireland,27
HTDEU002,HP-UX,Testing,Germany,2
SPFRA005,Solaris,Production,France,5
ASDEU008,AIX,Staging,Germany,8
APDEU014,AIX,Production,Germany,14
STIRL028,Solaris,Testing,Ireland,28
LPIRL028,Linux,Production,Ireland,28
SPNOR004,Solaris,Production,Norway,4
ATESP007,AIX,Testing,Spain,7
SSITA014,Solaris,Staging,Italy,14
SPIRL027,Solaris,Production,Ireland,27
APNOR003,AIX,Production,Norway,3
HDIRL004,HP-UX,Development,Ireland,4
LTESP014,Linux,Testing,Spain,14
LDIRL006,Linux,Development,Ireland,6
LTIRL026,Linux,Testing,Ireland,26
LDNOR003,Linux,Development,Norway,3
LPIRL029,Linux,Production,Ireland,29
ADDEU003,AIX,Development,Germany,3
ATDEU018,AIX,Testing,Germany,18
SSESP011,Solaris,Staging,Spain,11
LSESP021,Linux,Staging,Spain,21
LTDEU022,Linux,Testing,Germany,22
ADFRA001,AIX,Development,France,1
LSESP022,Linux,Staging,Spain,22
LTIRL027,Linux,Testing,Ireland,27
STDEU019,Solaris,Testing,Germany,19
LDESP007,Linux,Development,Spain,7
STDEU020,Solaris,Testing,Germany,20
ATESP008,AIX,Testing,Spain,8
STITA012,Solaris,Testing,Italy,12
SIIRL012,Solaris,Integration,Ireland,12
LSIRL024,Linux,Staging,Ireland,24
ASITA008,AIX,Staging,Italy,8
LSDEU020,Linux,Staging,Germany,20
LIDEU014,Linux,Integration,Germany,14
SSDEU019,Solaris,Staging,Germany,19
SIESP003,Solaris,Integration,Spain,3
LPDEU025,Linux,Production,Germany,25
HPDEU006,HP-UX,Production,Germany,6
LPITA022,Linux,Production,Italy,22
SPDEU019,Solaris,Production,Germany,19
LTIRL028,Linux,Testing,Ireland,28
STDEU021,Solaris,Testing,Germany,21
LTDEU023,Linux,Testing,Germany,23
SPDEU020,Solaris,Production,Germany,20
SSDEU020,Solaris,Staging,Germany,20
APDEU015,AIX,Production,Germany,15
LPIRL030,Linux,Production,Ireland,30
LDIRL007,Linux,Development,Ireland,7
SIESP004,Solaris,Integration,Spain,4
SIIRL013,Solaris,Integration,Ireland,13
LSDEU021,Linux,Staging,Germany,21
APIRL017,AIX,Production,Ireland,17
AIDEU007,AIX,Integration,Germany,7
LTDEU024,Linux,Testing,Germany,24
SSFRA004,Solaris,Staging,France,4
SPITA012,Solaris,Production,Italy,12
STESP006,Solaris,Testing,Spain,6
ATFRA002,AIX,Testing,France,2
LPDEU026,Linux,Production,Germany,26
ASIRL012,AIX,Staging,Ireland,12
SDIRL008,Solaris,Development,Ireland,8
LSIRL025,Linux,Staging,Ireland,25
SSNOR005,Solaris,Staging,Norway,5
APESP009,AIX,Production,Spain,9
STIRL029,Solaris,Testing,Ireland,29
LSESP023,Linux,Staging,Spain,23
HTESP006,HP-UX,Testing,Spain,6
SDITA006,Solaris,Development,Italy,6
STIRL030,Solaris,Testing,Ireland,30
SPDEU021,Solaris,Production,Germany,21
LSESP024,Linux,Staging,Spain,24
LIIRL013,Linux,Integration,Ireland,13
LPFRA011,Linux,Production,France,11
SPIRL028,Solaris,Production,Ireland,28
LPIRL031,Linux,Production,Ireland,31
LSESP025,Linux,Staging,Spain,25
STITA013,Solaris,Testing,Italy,13
SSDEU021,Solaris,Staging,Germany,21
LIITA006,Linux,Integration,Italy,6
HIIRL001,HP-UX,Integration,Ireland,1
LTIRL029,Linux,Testing,Ireland,29
LTIRL030,Linux,Testing,Ireland,30
LPDEU027,Linux,Production,Germany,27
ATFRA003,AIX,Testing,France,3
STIRL031,Solaris,Testing,Ireland,31
HSIRL007,HP-UX,Staging,Ireland,7
LTESP015,Linux,Testing,Spain,15
ASIRL013,AIX,Staging,Ireland,13
SDDEU010,Solaris,Development,Germany,10
LTIRL031,Linux,Testing,Ireland,31
SPDEU022,Solaris,Production,Germany,22
LSIRL026,Linux,Staging,Ireland,26
SPIRL029,Solaris,Production,Ireland,29
LTIRL032,Linux,Testing,Ireland,32
ATDEU019,AIX,Testing,Germany,19
LIIRL014,Linux,Integration,Ireland,14
LIIRL015,Linux,Integration,Ireland,15
ATIRL009,AIX,Testing,Ireland,9
HSDEU005,HP-UX,Staging,Germany,5
HTFRA002,HP-UX,Testing,France,2
LTITA018,Linux,Testing,Italy,18
LDITA005,Linux,Development,Italy,5
LSNOR006,Linux,Staging,Norway,6
LTDEU025,Linux,Testing,Germany,25
LDDEU010,Linux,Development,Germany,10
LDIRL008,Linux,Development,Ireland,8
STIRL032,Solaris,Testing,Ireland,32
SPIRL030,Solaris,Production,Ireland,30
SPDEU023,Solaris,Production,Germany,23
SPIRL031,Solaris,Production,Ireland,31
ATIRL010,AIX,Testing,Ireland,10
LDIRL009,Linux,Development,Ireland,9
LSIRL027,Linux,Staging,Ireland,27
AIESP002,AIX,Integration,Spain,2
STESP007,Solaris,Testing,Spain,7
SPESP013,Solaris,Production,Spain,13
SPIRL032,Solaris,Production,Ireland,32
SDDEU011,Solaris,Development,Germany,11
APDEU016,AIX,Production,Germany,16
STESP008,Solaris,Testing,Spain,8
SPDEU024,Solaris,Production,Germany,24
SPDEU025,Solaris,Production,Germany,25
LPIRL032,Linux,Production,Ireland,32
APDEU017,AIX,Production,Germany,17
HPIRL004,HP-UX,Production,Ireland,4
SDIRL009,Solaris,Development,Ireland,9
HTDEU003,HP-UX,Testing,Germany,3
APITA007,AIX,Production,Italy,7
LPDEU028,Linux,Production,Germany,28
HSIRL008,HP-UX,Staging,Ireland,8
AIDEU008,AIX,Integration,Germany,8
SPESP014,Solaris,Production,Spain,14
SPITA013,Solaris,Production,Italy,13
LTITA019,Linux,Testing,Italy,19
SSESP012,Solaris,Staging,Spain,12
LPDEU029,Linux,Production,Germany,29
ATIRL011,AIX,Testing,Ireland,11
ASDEU009,AIX,Staging,Germany,9
SPIRL033,Solaris,Production,Ireland,33
APIRL018,AIX,Production,Ireland,18
HPITA006,HP-UX,Production,Italy,6
SSFRA005,Solaris,Staging,France,5
ADDEU004,AIX,Development,Germany,4
SSIRL016,Solaris,Staging,Ireland,16
ATITA006,AIX,Testing,Italy,6
HPIRL005,HP-UX,Production,Ireland,5
ASITA009,AIX,Staging,Italy,9
APESP010,AIX,Production,Spain,10
SPESP015,Solaris,Production,Spain,15
SSIRL017,Solaris,Staging,Ireland,17
SSITA015,Solaris,Staging,Italy,15
LPITA023,Linux,Production,Italy,23
LSFRA007,Linux,Staging,France,7
LDDEU011,Linux,Development,Germany,11
ASIRL014,AIX,Staging,Ireland,14
SIESP005,Solaris,Integration,Spain,5
LDESP008,Linux,Development,Spain,8
STDEU022,Solaris,Testing,Germany,22
ATITA007,AIX,Testing,Italy,7
LTIRL033,Linux,Testing,Ireland,33
LTFRA007,Linux,Testing,France,7
LSITA012,Linux,Staging,Italy,12
LDESP009,Linux,Development,Spain,9
HPIRL006,HP-UX,Production,Ireland,6
LDIRL010,Linux,Development,Ireland,10
LTIRL034,Linux,Testing,Ireland,34
HTNOR001,HP-UX,Testing,Norway,1
SPITA014,Solaris,Production,Italy,14
SDIRL010,Solaris,Development,Ireland,10
HTIRL008,HP-UX,Testing,Ireland,8
LPNOR004,Linux,Production,Norway,4
ASITA010,AIX,Staging,Italy,10
SIESP006,Solaris,Integration,Spain,6
LSESP026,Linux,Staging,Spain,26
STESP009,Solaris,Testing,Spain,9
LIITA007,Linux,Integration,Italy,7
STESP010,Solaris,Testing,Spain,10
LPNOR005,Linux,Production,Norway,5
LTITA020,Linux,Testing,Italy,20
LPFRA012,Linux,Production,France,12
ASDEU010,AIX,Staging,Germany,10
SSDEU022,Solaris,Staging,Germany,22
LDFRA003,Linux,Development,France,3
LSESP027,Linux,Staging,Spain,27
LPESP012,Linux,Production,Spain,12
LPDEU030,Linux,Production,Germany,30
LPIRL033,Linux,Production,Ireland,33
LSITA013,Linux,Staging,Italy,13
STESP011,Solaris,Testing,Spain,11
LDITA006,Linux,Development,Italy,6
APFRA005,AIX,Production,France,5
LTFRA008,Linux,Testing,France,8
HTDEU004,HP-UX,Testing,Germany,4
LTIRL035,Linux,Testing,Ireland,35
ADITA002,AIX,Development,Italy,2
APIRL019,AIX,Production,Ireland,19
SIITA004,Solaris,Integration,Italy,4
STDEU023,Solaris,Testing,Germany,23
LTITA021,Linux,Testing,Italy,21
LSITA014,Linux,Staging,Italy,14
SSIRL018,Solaris,Staging,Ireland,18
LSDEU022,Linux,Staging,Germany,22
LPITA024,Linux,Production,Italy,24
LSFRA008,Linux,Staging,France,8
ATNOR005,AIX,Testing,Norway,5
AINOR002,AIX,Integration,Norway,2
SPIRL034,Solaris,Production,Ireland,34
LIIRL016,Linux,Integration,Ireland,16
STDEU024,Solaris,Testing,Germany,24
LPITA025,Linux,Production,Italy,25
LTIRL036,Linux,Testing,Ireland,36
SPITA015,Solaris,Production,Italy,15
LSESP028,Linux,Staging,Spain,28
LPITA026,Linux,Production,Italy,26
ASITA011,AIX,Staging,Italy,11
SPESP016,Solaris,Production,Spain,16
LPDEU031,Linux,Production,Germany,31
ADFRA002,AIX,Development,France,2
LSDEU023,Linux,Staging,Germany,23
LPFRA013,Linux,Production,France,13
SPITA016,Solaris,Production,Italy,16
ATFRA004,AIX,Testing,France,4
LSESP029,Linux,Staging,Spain,29
LSDEU024,Linux,Staging,Germany,24
LDESP010,Linux,Development,Spain,10
ATIRL012,AIX,Testing,Ireland,12
SSESP013,Solaris,Staging,Spain,13
SPDEU026,Solaris,Production,Germany,26
LTNOR006,Linux,Testing,Norway,6
LTIRL037,Linux,Testing,Ireland,37
LSIRL028,Linux,Staging,Ireland,28
STIRL033,Solaris,Testing,Ireland,33
LDDEU012,Linux,Development,Germany,12
APESP011,AIX,Production,Spain,11
STIRL034,Solaris,Testing,Ireland,34
LSIRL029,Linux,Staging,Ireland,29
ASDEU011,AIX,Staging,Germany,11
ASESP006,AIX,Staging,Spain,6
SSDEU023,Solaris,Staging,Germany,23
LSITA015,Linux,Staging,Italy,15
LSDEU025,Linux,Staging,Germany,25
SPFRA006,Solaris,Production,France,6
STDEU025,Solaris,Testing,Germany,25
LSIRL030,Linux,Staging,Ireland,30
SPESP017,Solaris,Production,Spain,17
APDEU018,AIX,Production,Germany,18
SSFRA006,Solaris,Staging,France,6
STFRA006,Solaris,Testing,France,6
SPIRL035,Solaris,Production,Ireland,35
SSFRA007,Solaris,Staging,France,7
LSITA016,Linux,Staging,Italy,16
STESP012,Solaris,Testing,Spain,12
LPFRA014,Linux,Production,France,14
HTFRA003,HP-UX,Testing,France,3
LSITA017,Linux,Staging,Italy,17
STFRA007,Solaris,Testing,France,7
STDEU026,Solaris,Testing,Germany,26
SPESP018,Solaris,Production,Spain,18
ASITA012,AIX,Staging,Italy,12
LTFRA009,Linux,Testing,France,9
LPITA027,Linux,Production,Italy,27
SPIRL036,Solaris,Production,Ireland,36
LPIRL034,Linux,Production,Ireland,34
LSDEU026,Linux,Staging,Germany,26
SSITA016,Solaris,Staging,Italy,16
LSFRA009,Linux,Staging,France,9
SSIRL019,Solaris,Staging,Ireland,19
ASNOR004,AIX,Staging,Norway,4
LTIRL038,Linux,Testing,Ireland,38
SPIRL037,Solaris,Production,Ireland,37
SSDEU024,Solaris,Staging,Germany,24
LDITA007,Linux,Development,Italy,7
ATIRL013,AIX,Testing,Ireland,13
ATIRL014,AIX,Testing,Ireland,14
LTITA022,Linux,Testing,Italy,22
ATIRL015,AIX,Testing,Ireland,15
LDIRL011,Linux,Development,Ireland,11
LSIRL031,Linux,Staging,Ireland,31
SPESP019,Solaris,Production,Spain,19
ASDEU012,AIX,Staging,Germany,12
STESP013,Solaris,Testing,Spain,13
LSITA018,Linux,Staging,Italy,18
ASIRL015,AIX,Staging,Ireland,15
APITA008,AIX,Production,Italy,8
LSDEU027,Linux,Staging,Germany,27
STIRL035,Solaris,Testing,Ireland,35
LSITA019,Linux,Staging,Italy,19
STESP014,Solaris,Testing,Spain,14
LSFRA010,Linux,Staging,France,10
ASDEU013,AIX,Staging,Germany,13
HTESP007,HP-UX,Testing,Spain,7
STDEU027,Solaris,Testing,Germany,27
SSNOR006,Solaris,Staging,Norway,6
SDNOR001,Solaris,Development,Norway,1
LPITA028,Linux,Production,Italy,28
LIIRL017,Linux,Integration,Ireland,17
LSIRL032,Linux,Staging,Ireland,32
LIDEU015,Linux,Integration,Germany,15
ASITA013,AIX,Staging,Italy,13
STITA014,Solaris,Testing,Italy,14
LSITA020,Linux,Staging,Italy,20
STITA015,Solaris,Testing,Italy,15
APITA009,AIX,Production,Italy,9
SPFRA007,Solaris,Production,France,7
AINOR003,AIX,Integration,Norway,3
LDIRL012,Linux,Development,Ireland,12
ATNOR006,AIX,Testing,Norway,6
LSIRL033,Linux,Staging,Ireland,33
AIESP003,AIX,Integration,Spain,3
STIRL036,Solaris,Testing,Ireland,36
APESP012,AIX,Production,Spain,12
APESP013,AIX,Production,Spain,13
LIESP005,Linux,Integration,Spain,5
SPDEU027,Solaris,Production,Germany,27
LSIRL034,Linux,Staging,Ireland,34
ATDEU020,AIX,Testing,Germany,20
LSFRA011,Linux,Staging,France,11
SSESP014,Solaris,Staging,Spain,14
ATDEU021,AIX,Testing,Germany,21
ASITA014,AIX,Staging,Italy,14
SSFRA008,Solaris,Staging,France,8
SIFRA006,Solaris,Integration,France,6
LSITA021,Linux,Staging,Italy,21
ASESP007,AIX,Staging,Spain,7
LPFRA015,Linux,Production,France,15
APFRA006,AIX,Production,France,6
SPDEU028,Solaris,Production,Germany,28
LPDEU032,Linux,Production,Germany,32
SSITA017,Solaris,Staging,Italy,17
STIRL037,Solaris,Testing,Ireland,37
ASIRL016,AIX,Staging,Ireland,16
SDDEU012,Solaris,Development,Germany,12
SDIRL011,Solaris,Development,Ireland,11
ASIRL017,AIX,Staging,Ireland,17
LPIRL035,Linux,Production,Ireland,35
LSIRL035,Linux,Staging,Ireland,35
LSESP030,Linux,Staging,Spain,30
LIFRA005,Linux,Integration,France,5
HTITA004,HP-UX,Testing,Italy,4
STESP015,Solaris,Testing,Spain,15
LTDEU026,Linux,Testing,Germany,26
SSITA018,Solaris,Staging,Italy,18
ASITA015,AIX,Staging,Italy,15
HTESP008,HP-UX,Testing,Spain,8
STDEU028,Solaris,Testing,Germany,28
LPIRL036,Linux,Production,Ireland,36
HSFRA004,HP-UX,Staging,France,4
LTFRA010,Linux,Testing,France,10
LTIRL039,Linux,Testing,Ireland,39
LSIRL036,Linux,Staging,Ireland,36
LDESP011,Linux,Development,Spain,11
APIRL020,AIX,Production,Ireland,20
LIESP006,Linux,Integration,Spain,6
STITA016,Solaris,Testing,Italy,16
SSIRL020,Solaris,Staging,Ireland,20
LSIRL037,Linux,Staging,Ireland,37
HPIRL007,HP-UX,Production,Ireland,7
STDEU029,Solaris,Testing,Germany,29
LTDEU027,Linux,Testing,Germany,27
HTIRL009,HP-UX,Testing,Ireland,9
AIITA002,AIX,Integration,Italy,2
SSDEU025,Solaris,Staging,Germany,25
SSESP015,Solaris,Staging,Spain,15
ASNOR005,AIX,Staging,Norway,5
LSDEU028,Linux,Staging,Germany,28
LPITA029,Linux,Production,Italy,29
ASIRL018,AIX,Staging,Ireland,18
HPDEU007,HP-UX,Production,Germany,7
LSDEU029,Linux,Staging,Germany,29
LTDEU028,Linux,Testing,Germany,28
HTFRA004,HP-UX,Testing,France,4
LPDEU033,Linux,Production,Germany,33
SSESP016,Solaris,Staging,Spain,16
LTIRL040,Linux,Testing,Ireland,40
SPDEU029,Solaris,Production,Germany,29
ASDEU014,AIX,Staging,Germany,14
HSIRL009,HP-UX,Staging,Ireland,9
SSIRL021,Solaris,Staging,Ireland,21
HSIRL010,HP-UX,Staging,Ireland,10
STDEU030,Solaris,Testing,Germany,30
HSDEU006,HP-UX,Staging,Germany,6
SPITA017,Solaris,Production,Italy,17
LPIRL037,Linux,Production,Ireland,37
SPNOR005,Solaris,Production,Norway,5
AIIRL007,AIX,Integration,Ireland,7
LPDEU034,Linux,Production,Germany,34
STIRL038,Solaris,Testing,Ireland,38
ASESP008,AIX,Staging,Spain,8
SSIRL022,Solaris,Staging,Ireland,22
LPITA030,Linux,Production,Italy,30
ATIRL016,AIX,Testing,Ireland,16
LPDEU035,Linux,Production,Germany,35
SPIRL038,Solaris,Production,Ireland,38
LPDEU036,Linux,Production,Germany,36
STIRL039,Solaris,Testing,Ireland,39
LPIRL038,Linux,Production,Ireland,38
LIDEU016,Linux,Integration,Germany,16
APITA010,AIX,Production,Italy,10
SIIRL014,Solaris,Integration,Ireland,14
STESP016,Solaris,Testing,Spain,16
LTNOR007,Linux,Testing,Norway,7
LTFRA011,Linux,Testing,France,11
LTITA023,Linux,Testing,Italy,23
HPITA007,HP-UX,Production,Italy,7
LSDEU030,Linux,Staging,Germany,30
LTITA024,Linux,Testing,Italy,24
STIRL040,Solaris,Testing,Ireland,40
LSIRL038,Linux,Staging,Ireland,38
STESP017,Solaris,Testing,Spain,17
ASIRL019,AIX,Staging,Ireland,19
SDDEU013,Solaris,Development,Germany,13
LPFRA016,Linux,Production,France,16
ATIRL017,AIX,Testing,Ireland,17
LTIRL041,Linux,Testing,Ireland,41
SPESP020,Solaris,Production,Spain,20
AIDEU009,AIX,Integration,Germany,9
STIRL041,Solaris,Testing,Ireland,41
LIESP007,Linux,Integration,Spain,7
HTDEU005,HP-UX,Testing,Germany,5
ASDEU015,AIX,Staging,Germany,15
SPIRL039,Solaris,Production,Ireland,39
SDIRL012,Solaris,Development,Ireland,12
HPIRL008,HP-UX,Production,Ireland,8
HPIRL009,HP-UX,Production,Ireland,9
LDFRA004,Linux,Development,France,4
LDITA008,Linux,Development,Italy,8
SPDEU030,Solaris,Production,Germany,30
LPESP013,Linux,Production,Spain,13
SPESP021,Solaris,Production,Spain,21
SSIRL023,Solaris,Staging,Ireland,23
ATESP009,AIX,Testing,Spain,9
SPIRL040,Solaris,Production,Ireland,40
HPNOR005,HP-UX,Production,Norway,5
SPIRL041,Solaris,Production,Ireland,41
STITA017,Solaris,Testing,Italy,17
ASIRL020,AIX,Staging,Ireland,20
LSIRL039,Linux,Staging,Ireland,39
LIDEU017,Linux,Integration,Germany,17
LTDEU029,Linux,Testing,Germany,29
LTIRL042,Linux,Testing,Ireland,42
AIITA003,AIX,Integration,Italy,3
HPDEU008,HP-UX,Production,Germany,8
HDFRA003,HP-UX,Development,France,3
LIIRL018,Linux,Integration,Ireland,18
HDIRL005,HP-UX,Development,Ireland,5
HSIRL011,HP-UX,Staging,Ireland,11
LTIRL043,Linux,Testing,Ireland,43
ADIRL010,AIX,Development,Ireland,10
SPDEU031,Solaris,Production,Germany,31
LPIRL039,Linux,Production,Ireland,39
ASESP009,AIX,Staging,Spain,9
SPITA018,Solaris,Production,Italy,18
SSDEU026,Solaris,Staging,Germany,26
HTIRL010,HP-UX,Testing,Ireland,10
LTNOR008,Linux,Testing,Norway,8
APESP014,AIX,Production,Spain,14
LSNOR007,Linux,Staging,Norway,7
HPNOR006,HP-UX,Production,Norway,6
HPDEU009,HP-UX,Production,Germany,9
LDNOR004,Linux,Development,Norway,4
ASIRL021,AIX,Staging,Ireland,21
SSIRL024,Solaris,Staging,Ireland,24
APDEU019,AIX,Production,Germany,19
HSDEU007,HP-UX,Staging,Germany,7
HTESP009,HP-UX,Testing,Spain,9
SDESP005,Solaris,Development,Spain,5
HTITA005,HP-UX,Testing,Italy,5
LTESP016,Linux,Testing,Spain,16
SSESP017,Solaris,Staging,Spain,17
ATFRA005,AIX,Testing,France,5
HSDEU008,HP-UX,Staging,Germany,8
ASFRA007,AIX,Staging,France,7
SDFRA005,Solaris,Development,France,5
LSIRL040,Linux,Staging,Ireland,40
HSDEU009,HP-UX,Staging,Germany,9
LPIRL040,Linux,Production,Ireland,40
ATDEU022,AIX,Testing,Germany,22
LTIRL044,Linux,Testing,Ireland,44
LSNOR008,Linux,Staging,Norway,8
STESP018,Solaris,Testing,Spain,18
LPIRL041,Linux,Production,Ireland,41
SDDEU014,Solaris,Development,Germany,14
STIRL042,Solaris,Testing,Ireland,42
HIESP001,HP-UX,Integration,Spain,1
ASESP010,AIX,Staging,Spain,10
HINOR002,HP-UX,Integration,Norway,2
SPIRL042,Solaris,Production,Ireland,42
LPDEU037,Linux,Production,Germany,37
HTDEU006,HP-UX,Testing,Germany,6
SPIRL043,Solaris,Production,Ireland,43
LTDEU030,Linux,Testing,Germany,30
ASITA016,AIX,Staging,Italy,16
LPESP014,Linux,Production,Spain,14
APIRL021,AIX,Production,Ireland,21
LSFRA012,Linux,Staging,France,12
SSNOR007,Solaris,Staging,Norway,7
STIRL043,Solaris,Testing,Ireland,43
ASFRA008,AIX,Staging,France,8
LSDEU031,Linux,Staging,Germany,31
SSESP018,Solaris,Staging,Spain,18
LSIRL041,Linux,Staging,Ireland,41
HSESP005,HP-UX,Staging,Spain,5
SSIRL025,Solaris,Staging,Ireland,25
SPIRL044,Solaris,Production,Ireland,44
LPDEU038,Linux,Production,Germany,38
SPESP022,Solaris,Production,Spain,22
SDESP006,Solaris,Development,Spain,6
SSIRL026,Solaris,Staging,Ireland,26
LIFRA006,Linux,Integration,France,6
SSDEU027,Solaris,Staging,Germany,27
LPIRL042,Linux,Production,Ireland,42
LTITA025,Linux,Testing,Italy,25
ATITA008,AIX,Testing,Italy,8
STIRL044,Solaris,Testing,Ireland,44
HTDEU007,HP-UX,Testing,Germany,7
HTDEU008,HP-UX,Testing,Germany,8
HDIRL006,HP-UX,Development,Ireland,6
LDITA009,Linux,Development,Italy,9
SDESP007,Solaris,Development,Spain,7
SIITA005,Solaris,Integration,Italy,5
STITA018,Solaris,Testing,Italy,18
LDDEU013,Linux,Development,Germany,13
LIFRA007,Linux,Integration,France,7
SSIRL027,Solaris,Staging,Ireland,27
ATESP010,AIX,Testing,Spain,10
STDEU031,Solaris,Testing,Germany,31
HPIRL010,HP-UX,Production,Ireland,10
STITA019,Solaris,Testing,Italy,19
HPFRA002,HP-UX,Production,France,2
SSITA019,Solaris,Staging,Italy,19
LDIRL013,Linux,Development,Ireland,13
LTIRL045,Linux,Testing,Ireland,45
ASITA017,AIX,Staging,Italy,17
LTITA026,Linux,Testing,Italy,26
LSIRL042,Linux,Staging,Ireland,42
SSFRA009,Solaris,Staging,France,9
HPDEU010,HP-UX,Production,Germany,10
ATITA009,AIX,Testing,Italy,9
STIRL045,Solaris,Testing,Ireland,45
ATIRL018,AIX,Testing,Ireland,18
AIDEU010,AIX,Integration,Germany,10
LSDEU032,Linux,Staging,Germany,32
ASITA018,AIX,Staging,Italy,18
AIFRA004,AIX,Integration,France,4
SPESP023,Solaris,Production,Spain,23
ADIRL011,AIX,Development,Ireland,11
SPDEU032,Solaris,Production,Germany,32
STIRL046,Solaris,Testing,Ireland,46
SSIRL028,Solaris,Staging,Ireland,28
LPDEU039,Linux,Production,Germany,39
SPIRL045,Solaris,Production,Ireland,45
STDEU032,Solaris,Testing,Germany,32
SPIRL046,Solaris,Production,Ireland,46
ASITA019,AIX,Staging,Italy,19
HTIRL011,HP-UX,Testing,Ireland,11
LDDEU014,Linux,Development,Germany,14
SIDEU006,Solaris,Integration,Germany,6
SDIRL013,Solaris,Development,Ireland,13
APFRA007,AIX,Production,France,7
LPDEU040,Linux,Production,Germany,40
ADITA003,AIX,Development,Italy,3
SDDEU015,Solaris,Development,Germany,15
ATFRA006,AIX,Testing,France,6
STIRL047,Solaris,Testing,Ireland,47
ASIRL022,AIX,Staging,Ireland,22
LSDEU033,Linux,Staging,Germany,33
SDIRL014,Solaris,Development,Ireland,14
LPITA031,Linux,Production,Italy,31
ADIRL012,AIX,Development,Ireland,12
SPIRL047,Solaris,Production,Ireland,47
STESP019,Solaris,Testing,Spain,19
SSNOR008,Solaris,Staging,Norway,8
ATESP011,AIX,Testing,Spain,11
SPIRL048,Solaris,Production,Ireland,48
SDESP008,Solaris,Development,Spain,8
LPDEU041,Linux,Production,Germany,41
SSFRA010,Solaris,Staging,France,10
HTDEU009,HP-UX,Testing,Germany,9
LPITA032,Linux,Production,Italy,32
SIITA006,Solaris,Integration,Italy,6
STITA020,Solaris,Testing,Italy,20
SIESP007,Solaris,Integration,Spain,7
SPIRL049,Solaris,Production,Ireland,49
SSDEU028,Solaris,Staging,Germany,28
ATITA010,AIX,Testing,Italy,10
AIDEU011,AIX,Integration,Germany,11
SSDEU029,Solaris,Staging,Germany,29
SSIRL029,Solaris,Staging,Ireland,29
SSNOR009,Solaris,Staging,Norway,9
SSIRL030,Solaris,Staging,Ireland,30
LPNOR006,Linux,Production,Norway,6
LSITA022,Linux,Staging,Italy,22
ASDEU016,AIX,Staging,Germany,16
ASFRA009,AIX,Staging,France,9
AIIRL008,AIX,Integration,Ireland,8
SPIRL050,Solaris,Production,Ireland,50
LSIRL043,Linux,Staging,Ireland,43
LTIRL046,Linux,Testing,Ireland,46
LSIRL044,Linux,Staging,Ireland,44
LSIRL045,Linux,Staging,Ireland,45
LPESP015,Linux,Production,Spain,15
LSNOR009,Linux,Staging,Norway,9
ASESP011,AIX,Staging,Spain,11
LDESP012,Linux,Development,Spain,12
HTDEU010,HP-UX,Testing,Germany,10
SPESP024,Solaris,Production,Spain,24
LDITA010,Linux,Development,Italy,10
AIIRL009,AIX,Integration,Ireland,9
HPITA008,HP-UX,Production,Italy,8
SPIRL051,Solaris,Production,Ireland,51
LPITA033,Linux,Production,Italy,33
ASIRL023,AIX,Staging,Ireland,23
LIFRA008,Linux,Integration,France,8
SSDEU030,Solaris,Staging,Germany,30
LPFRA017,Linux,Production,France,17
STDEU033,Solaris,Testing,Germany,33
LSDEU034,Linux,Staging,Germany,34
STITA021,Solaris,Testing,Italy,21
LPIRL043,Linux,Production,Ireland,43
STIRL048,Solaris,Testing,Ireland,48
LTDEU031,Linux,Testing,Germany,31
LTIRL047,Linux,Testing,Ireland,47
LPDEU042,Linux,Production,Germany,42
LPESP016,Linux,Production,Spain,16
APIRL022,AIX,Production,Ireland,22
SPITA019,Solaris,Production,Italy,19
LSIRL046,Linux,Staging,Ireland,46
SPFRA008,Solaris,Production,France,8
STFRA008,Solaris,Testing,France,8
LIDEU018,Linux,Integration,Germany,18
HSIRL012,HP-UX,Staging,Ireland,12
ATIRL019,AIX,Testing,Ireland,19
LPESP017,Linux,Production,Spain,17
LTIRL048,Linux,Testing,Ireland,48
ASITA020,AIX,Staging,Italy,20
AINOR004,AIX,Integration,Norway,4
LSIRL047,Linux,Staging,Ireland,47
ASFRA010,AIX,Staging,France,10
HPIRL011,HP-UX,Production,Ireland,11
SPESP025,Solaris,Production,Spain,25
ASITA021,AIX,Staging,Italy,21
LSIRL048,Linux,Staging,Ireland,48
HPIRL012,HP-UX,Production,Ireland,12
HPIRL013,HP-UX,Production,Ireland,13
LDIRL014,Linux,Development,Ireland,14
STESP020,Solaris,Testing,Spain,20
LDDEU015,Linux,Development,Germany,15
ATIRL020,AIX,Testing,Ireland,20
LTIRL049,Linux,Testing,Ireland,49
SSIRL031,Solaris,Staging,Ireland,31
LPNOR007,Linux,Production,Norway,7
LTDEU032,Linux,Testing,Germany,32
LPFRA018,Linux,Production,France,18
LTESP017,Linux,Testing,Spain,17
LTIRL050,Linux,Testing,Ireland,50
LDDEU016,Linux,Development,Germany,16
LDIRL015,Linux,Development,Ireland,15
SDESP009,Solaris,Development,Spain,9
HPIRL014,HP-UX,Production,Ireland,14
ADNOR004,AIX,Development,Norway,4
SPITA020,Solaris,Production,Italy,20
LPIRL044,Linux,Production,Ireland,44
SIDEU007,Solaris,Integration,Germany,7
SIDEU008,Solaris,Integration,Germany,8
